keyword,cpc
running shoes,1.85
best running shoes,2.10
running shoes for men,1.95
running shoes for women,1.90
running sneakers,1.40
jogging shoes,1.20
trail running shoes,2.30
marathon running shoes,2.05
cushioned running shoes,1.75
lightweight running shoes,1.60
running shoe reviews,0.95
buy running shoes online,2.40
yoga mat,0.90
best yoga mat,1.10
non slip yoga mat,1.05
yoga mat for beginners,0.85
thick yoga mat,0.95
travel yoga mat,1.00
yoga pants,1.30
yoga leggings,1.25
women's yoga pants,1.35
yoga clothes,1.05
coffee maker,1.55
best coffee maker,1.75
drip coffee maker,1.45
espresso machine,2.20
best espresso machine,2.50
home espresso machine,2.15
coffee grinder,1.10
burr coffee grinder,1.20
single serve coffee maker,1.60
laptop,2.60
best laptop,2.90
laptop for programming,2.75
gaming laptop,3.10
best gaming laptop,3.40
lightweight laptop,2.55
laptop under 1000,2.30
business laptop,2.65
laptop deals,2.20
refurbished laptop,1.90
protein powder,1.15
whey protein powder,1.25
best protein powder,1.35
plant based protein powder,1.20
protein shake,0.90
meal replacement shake,1.05
